1292052,肖申克的救赎,9.7,蒂姆·罗宾斯摩根·弗里曼鲍勃·冈顿,https://img3.doubanio.com/view/photo/s_ratio_poster/public/p480747492.jpg
1291546,霸王别姬,9.6,张国荣张丰毅巩俐,https://img3.doubanio.com/view/photo/s_ratio_poster/public/p2561716440.jpg
1292720,阿甘正传,9.5,汤姆·汉克斯罗宾·怀特加里·西尼斯,https://img9.doubanio.com/view/photo/s_ratio_poster/public/p1484728154.jpg
1295644,这个杀手不太冷,9.4,让·雷诺娜塔莉·波特曼加里·奥德曼,https://img3.doubanio.com/view/photo/s_ratio_poster/public/p511118051.jpg
1292063,美丽人生,9.5,罗伯托·贝尼尼尼可莱塔·布拉斯基乔治·坎塔里尼,https://img3.doubanio.com/view/photo/s_ratio_poster/public/p2578474613.jpg
1292722,泰坦尼克号,9.4,莱昂纳多·迪卡普里奥凯特·温丝莱特比利·赞恩,https://img9.doubanio.com/view/photo/s_ratio_poster/public/p457760035.jpg
1291561,千与千寻,9.3,柊瑠美入野自由夏木真理,https://img1.doubanio.com/view/photo/s_ratio_poster/public/p2557573348.jpg
1295124,辛德勒的名单,9.5,连姆·尼森本·金斯利拉尔夫·费因斯,https://img3.doubanio.com/view/photo/s_ratio_poster/public/p492406163.jpg
3541415,盗梦空间,9.3,莱昂纳多·迪卡普里奥约瑟夫·高登-莱维特艾伦·佩吉,https://img9.doubanio.com/view/photo/s_ratio_poster/public/p513344864.jpg
3011091,忠犬八公的故事,9.4,理查·基尔萨拉·罗默尔琼·艾伦,https://img9.doubanio.com/view/photo/s_ratio_poster/public/p524964016.jpg
1292001,海上钢琴师,9.3,蒂姆·罗斯普路特·泰勒·文斯比尔·努恩,https://img9.doubanio.com/view/photo/s_ratio_poster/public/p2574551676.jpg
2131459,机器人总动员,9.3,本·贝尔特艾丽莎·奈特杰夫·格尔林,https://img3.doubanio.com/view/photo/s_ratio_poster/public/p1461851991.jpg
3793023,三傻大闹宝莱坞,9.2,阿米尔·汗卡琳娜·卡普尔马达范,https://img3.doubanio.com/view/photo/s_ratio_poster/public/p579729551.jpg
1292064,楚门的世界,9.3,金·凯瑞劳拉·琳妮艾德·哈里斯,https://img3.doubanio.com/view/photo/s_ratio_poster/public/p479682972.jpg
1291549,放牛班的春天,9.3,热拉尔·朱尼奥弗朗索瓦·贝莱昂凯德·麦拉德,https://img3.doubanio.com/view/photo/s_ratio_poster/public/p1910824951.jpg
1889243,星际穿越,9.3,马修·麦康纳安妮·海瑟薇杰西卡·查斯坦,https://img3.doubanio.com/view/photo/s_ratio_poster/public/p2206088801.jpg
1292213,大话西游之大圣娶亲,9.2,周星驰吴孟达朱茵,https://img9.doubanio.com/view/photo/s_ratio_poster/public/p2455050536.jpg
5912992,熔炉,9.3,孔侑郑有美金贤秀,https://img9.doubanio.com/view/photo/s_ratio_poster/public/p1363250216.jpg
25662329,疯狂动物城,9.2,金妮弗·古德温杰森·贝特曼伊德里斯·艾尔巴,https://img1.doubanio.com/view/photo/s_ratio_poster/public/p2315672647.jpg
1307914,无间道,9.2,刘德华梁朝伟黄秋生,https://img3.doubanio.com/view/photo/s_ratio_poster/public/p2564556863.jpg
1291560,龙猫,9.2,日高法子坂本千夏糸井重里,https://img9.doubanio.com/view/photo/s_ratio_poster/public/p2540924496.jpg
1291841,教父,9.3,马龙·白兰度阿尔·帕西诺詹姆斯·肯恩,https://img9.doubanio.com/view/photo/s_ratio_poster/public/p616779645.jpg
1849031,当幸福来敲门,9.1,威尔·史密斯贾登·史密斯坦迪·牛顿,https://img1.doubanio.com/view/photo/s_ratio_poster/public/p1312700628.jpg
3319755,怦然心动,9.1,玛德琳·卡罗尔卡兰·麦克奥利菲瑞贝卡·德·莫妮,https://img1.doubanio.com/view/photo/s_ratio_poster/public/p501177648.jpg
6786002,触不可及,9.2,弗朗索瓦·克鲁塞奥玛·希安娜·勒尼,https://img9.doubanio.com/view/photo/s_ratio_poster/public/p1454261925.jpg
1851857,蝙蝠侠：黑暗骑士,9.2,克里斯蒂安·贝尔希斯·莱杰艾伦·艾克哈特,https://img3.doubanio.com/view/photo/s_ratio_poster/public/p462657443.jpg
1296141,控方证人,9.6,泰隆·鲍华玛琳·黛德丽查尔斯·劳顿,https://img1.doubanio.com/view/photo/s_ratio_poster/public/p1505392928.jpg
1292365,活着,9.2,葛优巩俐姜武,https://img3.doubanio.com/view/photo/s_ratio_poster/public/p2513253791.jpg
1300267,乱世佳人,9.3,费雯·丽克拉克·盖博奥利维娅·德哈维兰,https://img3.doubanio.com/view/photo/s_ratio_poster/public/p1963126880.jpg
20495023,寻梦环游记,9.1,安东尼·冈萨雷斯盖尔·加西亚·贝纳尔本杰明·布拉特,https://img1.doubanio.com/view/photo/s_ratio_poster/public/p2503997609.jpg
1293172,末代皇帝,9.2,尊龙陈冲邬君梅,https://img3.doubanio.com/view/photo/s_ratio_poster/public/p452089833.jpg
26387939,摔跤吧！爸爸,9.0,阿米尔·汗法缇玛·萨那·纱卡桑亚·玛荷塔,https://img9.doubanio.com/view/photo/s_ratio_poster/public/p2457983084.jpg
1929463,少年派的奇幻漂流,9.1,苏拉·沙玛伊尔凡·可汗拉菲·斯波,https://img3.doubanio.com/view/photo/s_ratio_poster/public/p1784592701.jpg
1291552,指环王3：王者无敌,9.2,维果·莫腾森伊利亚·伍德西恩·奥斯汀,https://img3.doubanio.com/view/photo/s_ratio_poster/public/p1910825503.jpg
2129039,飞屋环游记,9.0,爱德华·阿斯纳克里斯托弗·普卢默乔丹·长井,https://img9.doubanio.com/view/photo/s_ratio_poster/public/p485887754.jpg
1293182,十二怒汉,9.4,亨利·方达马丁·鲍尔萨姆约翰·菲德勒,https://img3.doubanio.com/view/photo/s_ratio_poster/public/p2173577632.jpg
30170448,何以为家,9.1,赞恩·阿尔·拉菲亚约丹诺斯·希费罗博鲁瓦蒂夫·特雷杰·班科尔,https://img1.doubanio.com/view/photo/s_ratio_poster/public/p2555295759.jpg
1291858,鬼子来了,9.2,姜文香川照之袁丁,https://img1.doubanio.com/view/photo/s_ratio_poster/public/p2553104888.jpg
1291583,天空之城,9.1,田中真弓横泽启子初井言荣,https://img1.doubanio.com/view/photo/s_ratio_poster/public/p1446261379.jpg
1299398,大话西游之月光宝盒,9.0,周星驰吴孟达罗家英,https://img3.doubanio.com/view/photo/s_ratio_poster/public/p2561721372.jpg
1308807,哈尔的移动城堡,9.0,倍赏千惠子木村拓哉美轮明宏,https://img3.doubanio.com/view/photo/s_ratio_poster/public/p2174346180.jpg
1291828,天堂电影院,9.2,安东内拉·阿蒂利恩佐·卡拉瓦勒艾萨·丹尼埃利,https://img1.doubanio.com/view/photo/s_ratio_poster/public/p2559577569.jpg
21937452,素媛,9.2,薛景求严志媛李来,https://img9.doubanio.com/view/photo/s_ratio_poster/public/p2118532944.jpg
1293839,罗马假日,9.0,奥黛丽·赫本格利高里·派克埃迪·艾伯特,https://img9.doubanio.com/view/photo/s_ratio_poster/public/p2189265085.jpg
1298624,闻香识女人,9.1,阿尔·帕西诺克里斯·奥唐纳詹姆斯·瑞布霍恩,https://img1.doubanio.com/view/photo/s_ratio_poster/public/p2550757929.jpg
21937445,辩护人,9.2,宋康昊金英爱吴达洙,https://img9.doubanio.com/view/photo/s_ratio_poster/public/p2158166535.jpg
1292000,搏击俱乐部,9.0,爱德华·诺顿布拉德·皮特海伦娜·伯翰·卡特,https://img1.doubanio.com/view/photo/s_ratio_poster/public/p1910926158.jpg
1295038,哈利·波特与魔法石,9.0,丹尼尔·雷德克里夫艾玛·沃森鲁伯特·格林特,https://img9.doubanio.com/view/photo/s_ratio_poster/public/p804947166.jpg
1291548,死亡诗社,9.1,罗宾·威廉姆斯罗伯特·肖恩·莱纳德伊桑·霍克,https://img3.doubanio.com/view/photo/s_ratio_poster/public/p2575465690.jpg
1299131,教父2,9.2,阿尔·帕西诺罗伯特·杜瓦尔黛安·基顿,https://img1.doubanio.com/view/photo/s_ratio_poster/public/p2194138787.jpg
1900841,窃听风暴,9.1,乌尔里希·穆埃马蒂娜·格德克塞巴斯蒂安·科赫,https://img1.doubanio.com/view/photo/s_ratio_poster/public/p1808872109.jpg
26752088,我不是药神,9.0,徐峥王传君周一围,https://img9.doubanio.com/view/photo/s_ratio_poster/public/p2561305376.jpg
1301753,狮子王,9.0,乔纳森·泰勒·托马斯马修·布罗德里克杰瑞米·艾恩斯,https://img1.doubanio.com/view/photo/s_ratio_poster/public/p2277799019.jpg
1291572,指环王2：双塔奇兵,9.1,伊利亚·伍德西恩·奥斯汀伊恩·麦克莱恩,https://img9.doubanio.com/view/photo/s_ratio_poster/public/p909265336.jpg
1418019,大闹天宫,9.3,邱岳峰富润生毕克,https://img1.doubanio.com/view/photo/s_ratio_poster/public/p2184505167.jpg
1293350,两杆大烟枪,9.1,杰森·弗莱明德克斯特·弗莱彻尼克·莫兰,https://img1.doubanio.com/view/photo/s_ratio_poster/public/p792443418.jpg
1291571,指环王1：魔戒再现,9.0,伊利亚·伍德西恩·奥斯汀伊恩·麦克莱恩,https://img3.doubanio.com/view/photo/s_ratio_poster/public/p1354436051.jpg
1292224,飞越疯人院,9.1,杰克·尼科尔森丹尼·德维托克里斯托弗·洛伊德,https://img1.doubanio.com/view/photo/s_ratio_poster/public/p792238287.jpg
1306029,美丽心灵,9.0,罗素·克劳艾德·哈里斯詹妮弗·康纳利,https://img3.doubanio.com/view/photo/s_ratio_poster/public/p1665997400.jpg
1291818,饮食男女,9.1,郎雄杨贵媚吴倩莲,https://img3.doubanio.com/view/photo/s_ratio_poster/public/p1910899751.jpg
1309046,V字仇杀队,8.9,娜塔莉·波特曼雨果·维文斯蒂芬·瑞,https://img3.doubanio.com/view/photo/s_ratio_poster/public/p1465235231.jpg
1291843,黑客帝国,9.0,基努·里维斯劳伦斯·菲什伯恩凯瑞-安·莫斯,https://img1.doubanio.com/view/photo/s_ratio_poster/public/p451926968.jpg
1305487,猫鼠游戏,9.0,莱昂纳多·迪卡普里奥汤姆·汉克斯克里斯托弗·沃肯,https://img3.doubanio.com/view/photo/s_ratio_poster/public/p453924541.jpg
1296736,钢琴家,9.1,艾德里安·布洛迪托马斯·克莱舒曼艾米莉娅·福克斯,https://img3.doubanio.com/view/photo/s_ratio_poster/public/p792376093.jpg
1485260,本杰明·巴顿奇事,8.9,凯特·布兰切特布拉德·皮特朱莉娅·奥蒙德,https://img3.doubanio.com/view/photo/s_ratio_poster/public/p2192535722.jpg
26580232,看不见的客人,8.8,马里奥·卡萨斯阿娜·瓦格纳何塞·科罗纳多,https://img9.doubanio.com/view/photo/s_ratio_poster/public/p2498971355.jpg
3742360,让子弹飞,8.8,姜文葛优周润发,https://img1.doubanio.com/view/photo/s_ratio_poster/public/p1512562287.jpg
3442220,海豚湾,9.3,Richard O'Barry路易·西霍尤斯Hardy Jones,https://img1.doubanio.com/view/photo/s_ratio_poster/public/p2559579779.jpg
1292402,西西里的美丽传说,8.9,莫妮卡·贝鲁奇朱塞佩·苏尔法罗Luciano Federico,https://img1.doubanio.com/view/photo/s_ratio_poster/public/p2441988159.jpg
1292220,情书,8.9,中山美穗丰川悦司酒井美纪,https://img1.doubanio.com/view/photo/s_ratio_poster/public/p449897379.jpg
1292849,拯救大兵瑞恩,9.0,汤姆·汉克斯汤姆·塞兹摩尔爱德华·伯恩斯,https://img9.doubanio.com/view/photo/s_ratio_poster/public/p1014542496.jpg
1303021,小鞋子,9.2,法拉赫阿米尔·哈什米安默罕默德·阿米尔·纳吉巴哈丽·西迪奇,https://img9.doubanio.com/view/photo/s_ratio_poster/public/p2173580536.jpg
1294408,音乐之声,9.0,朱莉·安德鲁斯克里斯托弗·普卢默埃琳诺·帕克,https://img3.doubanio.com/view/photo/s_ratio_poster/public/p2189265302.jpg
1292262,美国往事,9.2,罗伯特·德尼罗詹姆斯·伍兹伊丽莎白·麦戈文,https://img1.doubanio.com/view/photo/s_ratio_poster/public/p477229647.jpg
3008247,穿条纹睡衣的男孩,9.1,阿萨·巴特菲尔德维拉·法米加卡拉·霍根,https://img3.doubanio.com/view/photo/s_ratio_poster/public/p1473670352.jpg
1780330,致命魔术,8.9,休·杰克曼克里斯蒂安·贝尔迈克尔·凯恩,https://img9.doubanio.com/view/photo/s_ratio_poster/public/p480383375.jpg
1292223,七宗罪,8.8,摩根·弗里曼布拉德·皮特凯文·史派西,https://img9.doubanio.com/view/photo/s_ratio_poster/public/p457631605.jpg
1291832,低俗小说,8.8,约翰·特拉沃尔塔乌玛·瑟曼阿曼达·普拉莫,https://img3.doubanio.com/view/photo/s_ratio_poster/public/p1910902213.jpg
27060077,绿皮书,8.9,维果·莫腾森马赫沙拉·阿里琳达·卡德里尼,https://img3.doubanio.com/view/photo/s_ratio_poster/public/p2549177902.jpg
1293544,沉默的羔羊,8.8,朱迪·福斯特安东尼·霍普金斯斯科特·格伦,https://img1.doubanio.com/view/photo/s_ratio_poster/public/p1593414327.jpg
1292343,蝴蝶效应,8.8,阿什顿·库彻梅洛拉·沃尔特斯艾米·斯马特,https://img1.doubanio.com/view/photo/s_ratio_poster/public/p2209066019.jpg
1787291,被嫌弃的松子的一生,8.9,中谷美纪永山瑛太香川照之,https://img9.doubanio.com/view/photo/s_ratio_poster/public/p884763596.jpg
1292679,春光乍泄,8.9,张国荣梁朝伟张震,https://img3.doubanio.com/view/photo/s_ratio_poster/public/p465939041.jpg
2334904,禁闭岛,8.8,莱昂纳多·迪卡普里奥马克·鲁弗洛本·金斯利,https://img1.doubanio.com/view/photo/s_ratio_poster/public/p1832875827.jpg
1292656,心灵捕手,8.9,马特·达蒙罗宾·威廉姆斯本·阿弗莱克,https://img9.doubanio.com/view/photo/s_ratio_poster/public/p480965695.jpg
11525673,布达佩斯大饭店,8.8,拉尔夫·费因斯托尼·雷沃罗利艾德里安·布洛迪,https://img3.doubanio.com/view/photo/s_ratio_poster/public/p2178872593.jpg
25958717,海蒂和爷爷,9.2,阿努克·斯特芬布鲁诺·甘茨昆林·艾格匹,https://img9.doubanio.com/view/photo/s_ratio_poster/public/p2554525534.jpg
1292370,剪刀手爱德华,8.7,约翰尼·德普薇诺娜·瑞德黛安·韦斯特,https://img1.doubanio.com/view/photo/s_ratio_poster/public/p480956937.jpg
1294639,勇敢的心,8.9,梅尔·吉布森苏菲·玛索布莱恩·考克斯,https://img3.doubanio.com/view/photo/s_ratio_poster/public/p1374546770.jpg
1652587,阿凡达,8.7,萨姆·沃辛顿佐伊·索尔达娜西格妮·韦弗,https://img1.doubanio.com/view/photo/s_ratio_poster/public/p2180085848.jpg
1294371,摩登时代,9.3,查理·卓别林宝莲·高黛亨利·伯格曼,https://img1.doubanio.com/view/photo/s_ratio_poster/public/p2263408369.jpg
1292215,天使爱美丽,8.7,奥黛丽·塔图马修·卡索维茨吕菲斯,https://img3.doubanio.com/view/photo/s_ratio_poster/public/p2447590313.jpg
1298070,加勒比海盗,8.7,约翰尼·德普杰弗里·拉什奥兰多·布鲁姆,https://img9.doubanio.com/view/photo/s_ratio_poster/public/p1596085504.jpg
1297192,致命ID,8.8,约翰·库萨克雷·利奥塔阿曼达·皮特,https://img9.doubanio.com/view/photo/s_ratio_poster/public/p2558364386.jpg
1302425,喜剧之王,8.7,周星驰张柏芝莫文蔚,https://img1.doubanio.com/view/photo/s_ratio_poster/public/p2579932167.jpg
1418834,断背山,8.8,希斯·莱杰杰克·吉伦哈尔米歇尔·威廉姆斯,https://img1.doubanio.com/view/photo/s_ratio_poster/public/p513535588.jpg
1300299,杀人回忆,8.8,宋康昊金相庆金雷夏,https://img1.doubanio.com/view/photo/s_ratio_poster/public/p2326071698.jpg
1297359,幽灵公主,8.9,松田洋治石田百合子田中裕子,https://img9.doubanio.com/view/photo/s_ratio_poster/public/p1613191025.jpg
6985810,狩猎,9.1,麦斯·米科尔森托玛斯·博·拉森安妮卡·韦德科普,https://img1.doubanio.com/view/photo/s_ratio_poster/public/p1546987967.jpg
2149806,入殓师,8.8,本木雅弘广末凉子山崎努,https://img1.doubanio.com/view/photo/s_ratio_poster/public/p594972928.jpg
1291875,阳光灿烂的日子,8.8,夏雨宁静陶虹,https://img9.doubanio.com/view/photo/s_ratio_poster/public/p2564685215.jpg
1291999,重庆森林,8.7,林青霞金城武梁朝伟,https://img3.doubanio.com/view/photo/s_ratio_poster/public/p792381411.jpg
1297630,第六感,8.9,布鲁斯·威利斯海利·乔·奥斯蒙托妮·科莱特,https://img9.doubanio.com/view/photo/s_ratio_poster/public/p2220184425.jpg
26799731,请以你的名字呼唤我,8.9,艾米·汉莫蒂莫西·柴勒梅德迈克尔·斯图巴,https://img3.doubanio.com/view/photo/s_ratio_poster/public/p2505525050.jpg
25814705,小森林 夏秋篇,9.0,桥本爱三浦贵大松冈茉优,https://img3.doubanio.com/view/photo/s_ratio_poster/public/p2564498893.jpg
3011235,哈利·波特与死亡圣器(下),8.8,丹尼尔·雷德克里夫艾玛·沃森鲁伯特·格林特,https://img3.doubanio.com/view/photo/s_ratio_poster/public/p917846733.jpg
21318488,消失的爱人,8.7,本·阿弗莱克裴淳华尼尔·帕特里克·哈里斯,https://img9.doubanio.com/view/photo/s_ratio_poster/public/p2221768894.jpg
10777687,7号房的礼物,8.9,柳承龙朴信惠郑镇荣,https://img9.doubanio.com/view/photo/s_ratio_poster/public/p1816276065.jpg
1865703,红辣椒,9.0,林原惠美江守彻堀胜之祐,https://img9.doubanio.com/view/photo/s_ratio_poster/public/p672363704.jpg
3072124,玛丽和马克思,8.9,托妮·科莱特菲利普·塞默·霍夫曼巴瑞·哈姆弗莱斯,https://img9.doubanio.com/view/photo/s_ratio_poster/public/p2162822165.jpg
1296339,爱在黎明破晓前,8.8,伊桑·霍克朱莉·德尔佩安德莉亚·埃克特,https://img9.doubanio.com/view/photo/s_ratio_poster/public/p2555762374.jpg
25814707,小森林 冬春篇,9.0,桥本爱三浦贵大松冈茉优,https://img3.doubanio.com/view/photo/s_ratio_poster/public/p2258078370.jpg
4268598,告白,8.7,松隆子冈田将生木村佳乃,https://img9.doubanio.com/view/photo/s_ratio_poster/public/p689520756.jpg
1292434,一一,9.0,吴念真李凯莉金燕玲,https://img3.doubanio.com/view/photo/s_ratio_poster/public/p2567845803.jpg
1297052,侧耳倾听,8.9,本名阳子小林桂树高山南,https://img3.doubanio.com/view/photo/s_ratio_poster/public/p456692072.jpg
1291545,大鱼,8.8,伊万·麦克格雷格阿尔伯特·芬尼比利·克鲁德普,https://img9.doubanio.com/view/photo/s_ratio_poster/public/p692813374.jpg
4917726,阳光姐妹淘,8.8,沈恩京闵孝琳姜素拉,https://img1.doubanio.com/view/photo/s_ratio_poster/public/p1374786017.jpg
3395373,蝙蝠侠：黑暗骑士崛起,8.7,克里斯蒂安·贝尔汤姆·哈迪安妮·海瑟薇,https://img9.doubanio.com/view/photo/s_ratio_poster/public/p1706428744.jpg
1306249,唐伯虎点秋香,8.6,周星驰巩俐陈百祥,https://img3.doubanio.com/view/photo/s_ratio_poster/public/p1946455272.jpg
1316510,射雕英雄传之东成西就,8.7,梁朝伟林青霞张国荣,https://img1.doubanio.com/view/photo/s_ratio_poster/public/p2535922598.jpg
5322596,超脱,8.9,艾德里安·布洛迪马西娅·盖伊·哈登詹姆斯·肯恩,https://img3.doubanio.com/view/photo/s_ratio_poster/public/p1305562621.jpg
1297447,倩女幽魂,8.7,张国荣王祖贤午马,https://img9.doubanio.com/view/photo/s_ratio_poster/public/p2414157745.jpg
1305164,甜蜜蜜,8.8,黎明张曼玉杨恭如,https://img9.doubanio.com/view/photo/s_ratio_poster/public/p2223011274.jpg
2353023,驯龙高手,8.7,杰伊·巴鲁切尔杰拉德·巴特勒克雷格·费格森,https://img9.doubanio.com/view/photo/s_ratio_poster/public/p2210954024.jpg
5989818,萤火之森,8.9,佐仓绫音内山昂辉辻亲八,https://img3.doubanio.com/view/photo/s_ratio_poster/public/p1675053073.jpg
21360417,恐怖直播,8.8,河正宇李璟荣全慧珍,https://img9.doubanio.com/view/photo/s_ratio_poster/public/p2016930906.jpg
1293359,菊次郎的夏天,8.8,北野武关口雄介岸本加世子,https://img9.doubanio.com/view/photo/s_ratio_poster/public/p751835224.jpg
1292274,幸福终点站,8.8,汤姆·汉克斯凯瑟琳·泽塔-琼斯斯坦利·图齐,https://img1.doubanio.com/view/photo/s_ratio_poster/public/p854757687.jpg
11026735,超能陆战队,8.7,斯科特·安第斯瑞恩·波特丹尼尔·海尼,https://img1.doubanio.com/view/photo/s_ratio_poster/public/p2224568669.jpg
1291990,爱在日落黄昏时,8.8,伊桑·霍克朱莉·德尔佩弗农·多布切夫,https://img3.doubanio.com/view/photo/s_ratio_poster/public/p1910924221.jpg
1292337,无人知晓,9.1,柳乐优弥北浦爱木村飞影,https://img3.doubanio.com/view/photo/s_ratio_poster/public/p661160053.jpg
4202302,借东西的小人阿莉埃蒂,8.8,志田未来神木隆之介树木希林,https://img9.doubanio.com/view/photo/s_ratio_poster/public/p617533616.jpg
3287562,神偷奶爸,8.6,史蒂夫·卡瑞尔杰森·席格尔拉塞尔·布兰德,https://img1.doubanio.com/view/photo/s_ratio_poster/public/p792776858.jpg
1291579,怪兽电力公司,8.7,约翰·古德曼比利·克里斯托玛丽·吉布斯,https://img1.doubanio.com/view/photo/s_ratio_poster/public/p2513247938.jpg
1858711,玩具总动员3,8.8,汤姆·汉克斯蒂姆·艾伦琼·库萨克,https://img1.doubanio.com/view/photo/s_ratio_poster/public/p1283675359.jpg
1300992,完美的世界,9.1,凯文·科斯特纳劳拉·邓恩克林特·伊斯特伍德,https://img3.doubanio.com/view/photo/s_ratio_poster/public/p792403691.jpg
1291585,风之谷,8.9,岛本须美松田洋治榊原良子,https://img3.doubanio.com/view/photo/s_ratio_poster/public/p1917567652.jpg
26325320,血战钢锯岭,8.7,安德鲁·加菲尔德萨姆·沃辛顿文斯·沃恩,https://img1.doubanio.com/view/photo/s_ratio_poster/public/p2398141939.jpg
1292208,上帝之城,8.9,亚历桑德雷·罗德里格斯莱安德鲁·菲尔米诺菲利佩·哈根森,https://img3.doubanio.com/view/photo/s_ratio_poster/public/p455677490.jpg
1418200,傲慢与偏见,8.6,凯拉·奈特莉马修·麦克费登唐纳德·萨瑟兰,https://img9.doubanio.com/view/photo/s_ratio_poster/public/p452005185.jpg
10577869,时空恋旅人,8.7,多姆纳尔·格里森瑞秋·麦克亚当斯比尔·奈伊,https://img9.doubanio.com/view/photo/s_ratio_poster/public/p2070153774.jpg
1417598,电锯惊魂,8.7,雷·沃纳尔加利·艾尔维斯丹尼·格洛弗,https://img9.doubanio.com/view/photo/s_ratio_poster/public/p2565332644.jpg
1294240,教父3,8.9,阿尔·帕西诺黛安·基顿塔莉娅·夏尔,https://img3.doubanio.com/view/photo/s_ratio_poster/public/p2169664351.jpg
1303037,喜宴,8.9,赵文瑄郎雄归亚蕾,https://img9.doubanio.com/view/photo/s_ratio_poster/public/p2173713676.jpg
1578507,谍影重重3,8.8,马特·达蒙朱丽娅·斯蒂尔斯大卫·斯特雷泽恩,https://img1.doubanio.com/view/photo/s_ratio_poster/public/p792223507.jpg
3792799,岁月神偷,8.7,吴君如任达华钟绍图,https://img3.doubanio.com/view/photo/s_ratio_poster/public/p456666151.jpg
1291543,功夫,8.5,周星驰元秋元华,https://img1.doubanio.com/view/photo/s_ratio_poster/public/p2219011938.jpg
1297574,英雄本色,8.7,周润发狄龙张国荣,https://img1.doubanio.com/view/photo/s_ratio_poster/public/p2504997087.jpg
6307447,被解救的姜戈,8.7,杰米·福克斯莱昂纳多·迪卡普里奥克里斯托弗·瓦尔兹,https://img1.doubanio.com/view/photo/s_ratio_poster/public/p1959232369.jpg
1295399,七武士,9.2,三船敏郎志村乔津岛惠子,https://img9.doubanio.com/view/photo/s_ratio_poster/public/p2572674785.jpg
1907966,疯狂原始人,8.7,尼古拉斯·凯奇艾玛·斯通瑞恩·雷诺兹,https://img1.doubanio.com/view/photo/s_ratio_poster/public/p1867084027.jpg
1428581,天书奇谭,9.2,丁建华毕克苏秀,https://img1.doubanio.com/view/photo/s_ratio_poster/public/p2515539487.jpg
1307315,哪吒闹海,9.1,梁正晖邱岳峰毕克,https://img3.doubanio.com/view/photo/s_ratio_poster/public/p2516566783.jpg
25917973,心迷宫,8.7,霍卫民王笑天罗芸,https://img9.doubanio.com/view/photo/s_ratio_poster/public/p2276780256.jpg
26611804,三块广告牌,8.7,弗兰西斯·麦克多蒙德伍迪·哈里森山姆·洛克威尔,https://img1.doubanio.com/view/photo/s_ratio_poster/public/p2510081688.jpg
1293318,萤火虫之墓,8.7,辰己努白石绫乃志乃原良子,https://img1.doubanio.com/view/photo/s_ratio_poster/public/p1157334208.jpg
1292401,真爱至上,8.6,休·格兰特科林·费尔斯艾玛·汤普森,https://img3.doubanio.com/view/photo/s_ratio_poster/public/p475600770.jpg
1306861,我是山姆,8.9,西恩·潘达科塔·范宁米歇尔·菲佛,https://img9.doubanio.com/view/photo/s_ratio_poster/public/p652417775.jpg
1295409,纵横四海,8.8,周润发张国荣钟楚红,https://img9.doubanio.com/view/photo/s_ratio_poster/public/p2272146906.jpg
1793929,达拉斯买家俱乐部,8.8,马修·麦康纳詹妮弗·加纳杰瑞德·莱托,https://img1.doubanio.com/view/photo/s_ratio_poster/public/p2166160837.jpg
1292328,东邪西毒,8.6,张国荣林青霞梁朝伟,https://img3.doubanio.com/view/photo/s_ratio_poster/public/p1982176012.jpg
25773932,爆裂鼓手,8.7,迈尔斯·特勒J·K·西蒙斯保罗·雷瑟,https://img3.doubanio.com/view/photo/s_ratio_poster/public/p2220776342.jpg
24750126,荒蛮故事,8.8,达里奥·格兰迪内蒂玛丽娅·玛努尔莫妮卡·比利亚,https://img9.doubanio.com/view/photo/s_ratio_poster/public/p2231250054.jpg
4920389,头号玩家,8.7,泰伊·谢里丹奥利维亚·库克本·门德尔森,https://img1.doubanio.com/view/photo/s_ratio_poster/public/p2516578307.jpg
1304447,记忆碎片,8.6,盖·皮尔斯凯瑞-安·莫斯乔·潘托里亚诺,https://img3.doubanio.com/view/photo/s_ratio_poster/public/p641688453.jpg
2209573,贫民窟的百万富翁,8.6,戴夫·帕特尔沙鲁巴·舒克拉亚尼·卡普,https://img3.doubanio.com/view/photo/s_ratio_poster/public/p2434249040.jpg
26874505,人生果实,9.5,津端修一津端英子树木希林,https://img3.doubanio.com/view/photo/s_ratio_poster/public/p2544912792.jpg
1978709,黑天鹅,8.6,娜塔莉·波特曼米拉·库尼斯文森特·卡索,https://img9.doubanio.com/view/photo/s_ratio_poster/public/p2549648344.jpg
1291557,花样年华,8.6,梁朝伟张曼玉潘迪华,https://img9.doubanio.com/view/photo/s_ratio_poster/public/p1910828286.jpg
26683290,你的名字。,8.4,神木隆之介上白石萌音长泽雅美,https://img1.doubanio.com/view/photo/s_ratio_poster/public/p2395733377.jpg
25986180,釜山行,8.5,孔侑郑有美马东锡,https://img1.doubanio.com/view/photo/s_ratio_poster/public/p2360940399.jpg
1291822,卢旺达饭店,8.9,唐·钱德尔苏菲·奥康内多华金·菲尼克斯,https://img3.doubanio.com/view/photo/s_ratio_poster/public/p470419493.jpg
1959195,忠犬八公物语,9.2,山本圭井川比佐志片桐入,https://img3.doubanio.com/view/photo/s_ratio_poster/public/p1576418852.jpg
10533913,头脑特工队,8.7,艾米·波勒菲利丝·史密斯理查德·坎德,https://img9.doubanio.com/view/photo/s_ratio_poster/public/p2266293606.jpg
1291870,雨人,8.7,达斯汀·霍夫曼汤姆·克鲁斯瓦莱丽亚·戈利诺,https://img3.doubanio.com/view/photo/s_ratio_poster/public/p942376281.jpg
10463953,模仿游戏,8.7,本尼迪克特·康伯巴奇凯拉·奈特莉马修·古迪,https://img3.doubanio.com/view/photo/s_ratio_poster/public/p2255040492.jpg
1302467,黑客帝国3：矩阵革命,8.7,基努·里维斯劳伦斯·菲什伯恩凯瑞-安·莫斯,https://img1.doubanio.com/view/photo/s_ratio_poster/public/p443461818.jpg
26628357,一个叫欧维的男人决定去死,8.8,罗夫·拉斯加德巴哈·帕斯托比亚斯·阿姆博瑞,https://img3.doubanio.com/view/photo/s_ratio_poster/public/p2406624993.jpg
4848115,你看起来好像很好吃,8.9,山口胜平爱河里花子加藤清史郎,https://img3.doubanio.com/view/photo/s_ratio_poster/public/p709670262.jpg
6534248,无敌破坏王,8.7,约翰·C·赖利萨拉·西尔弗曼杰克·麦克布瑞尔,https://img9.doubanio.com/view/photo/s_ratio_poster/public/p1735642656.jpg
1395091,未麻的部屋,8.9,岩男润子松本梨香辻亲八,https://img3.doubanio.com/view/photo/s_ratio_poster/public/p1351050722.jpg
1309163,恋恋笔记本,8.5,瑞恩·高斯林瑞秋·麦克亚当斯吉娜·罗兰兹,https://img9.doubanio.com/view/photo/s_ratio_poster/public/p483604864.jpg
1291578,冰川时代,8.6,雷·罗马诺约翰·雷吉扎莫丹尼斯·利瑞,https://img1.doubanio.com/view/photo/s_ratio_poster/public/p1910895719.jpg
1291544,哈利·波特与阿兹卡班的囚徒,8.6,丹尼尔·雷德克里夫艾玛·沃森鲁伯特·格林特,https://img1.doubanio.com/view/photo/s_ratio_poster/public/p1910812549.jpg
25895901,海街日记,8.8,绫濑遥长泽雅美夏帆,https://img1.doubanio.com/view/photo/s_ratio_poster/public/p2232247487.jpg
25980443,海边的曼彻斯特,8.6,卡西·阿弗莱克卢卡斯·赫奇斯米歇尔·威廉姆斯,https://img9.doubanio.com/view/photo/s_ratio_poster/public/p2421855655.jpg
26430107,二十二,8.7,,https://img1.doubanio.com/view/photo/s_ratio_poster/public/p2457609817.jpg
10437779,新世界,8.8,李政宰崔岷植黄政民,https://img1.doubanio.com/view/photo/s_ratio_poster/public/p1903379979.jpg
1296909,虎口脱险,8.9,路易·德·菲奈斯布尔维尔克劳迪奥·布鲁克,https://img3.doubanio.com/view/photo/s_ratio_poster/public/p2399597512.jpg
1296996,哈利·波特与密室,8.6,丹尼尔·雷德克里夫艾玛·沃森鲁伯特·格林特,https://img3.doubanio.com/view/photo/s_ratio_poster/public/p1082651990.jpg
25724855,房间,8.8,布丽·拉尔森雅各布·特伦布莱肖恩·布里吉格斯,https://img9.doubanio.com/view/photo/s_ratio_poster/public/p2259715855.jpg
3011051,恐怖游轮,8.5,梅利莎·乔治利亚姆·海姆斯沃斯迈克尔·多曼,https://img9.doubanio.com/view/photo/s_ratio_poster/public/p462470694.jpg
1293460,雨中曲,9.0,吉恩·凯利唐纳德·奥康纳黛比·雷诺斯,https://img9.doubanio.com/view/photo/s_ratio_poster/public/p1612355875.jpg
1307811,魔女宅急便,8.6,高山南佐久间玲户田惠子,https://img3.doubanio.com/view/photo/s_ratio_poster/public/p456676352.jpg
1302827,人工智能,8.6,海利·乔·奥斯蒙弗兰西丝·奥康纳山姆·洛巴兹,https://img1.doubanio.com/view/photo/s_ratio_poster/public/p792257137.jpg
1293181,惊魂记,8.9,安东尼·博金斯维拉·迈尔斯约翰·加文,https://img9.doubanio.com/view/photo/s_ratio_poster/public/p1021883305.jpg
26787574,奇迹男孩,8.6,雅各布·特伦布莱朱莉娅·罗伯茨伊扎贝拉·维多维奇,https://img1.doubanio.com/view/photo/s_ratio_poster/public/p2507709428.jpg
1862151,疯狂的石头,8.4,郭涛刘桦连晋,https://img3.doubanio.com/view/photo/s_ratio_poster/public/p712241453.jpg
3443389,海洋,9.1,皮尔斯·布鲁斯南雅克·贝汉姜文,https://img9.doubanio.com/view/photo/s_ratio_poster/public/p2559581324.jpg
1291879,罗生门,8.8,三船敏郎京町子森雅之,https://img1.doubanio.com/view/photo/s_ratio_poster/public/p2564689879.jpg
1295865,燃情岁月,8.8,布拉德·皮特安东尼·霍普金斯艾丹·奎因,https://img1.doubanio.com/view/photo/s_ratio_poster/public/p1023654037.jpg
1291844,终结者2：审判日,8.7,阿诺·施瓦辛格琳达·汉密尔顿爱德华·福隆,https://img9.doubanio.com/view/photo/s_ratio_poster/public/p1910909085.jpg
1293964,魂断蓝桥,8.8,费雯·丽罗伯特·泰勒露塞尔·沃特森,https://img1.doubanio.com/view/photo/s_ratio_poster/public/p2351134499.jpg
10808442,爱在午夜降临前,8.8,伊桑·霍克朱莉·德尔佩肖姆斯·戴维-菲茨帕特里克,https://img1.doubanio.com/view/photo/s_ratio_poster/public/p2074715729.jpg
1937946,穿越时空的少女,8.6,仲里依纱石田卓也板仓光隆,https://img9.doubanio.com/view/photo/s_ratio_poster/public/p2079334286.jpg
4739952,初恋这件小事,8.4,平采娜·乐维瑟派布恩马里奥·毛瑞尔苏达拉·布查蓬,https://img1.doubanio.com/view/photo/s_ratio_poster/public/p767451487.jpg
1308857,可可西里,8.8,多布杰张正阳奇道,https://img3.doubanio.com/view/photo/s_ratio_poster/public/p2414771522.jpg
27622447,小偷家族,8.7,中川雅也安藤樱松冈茉优,https://img9.doubanio.com/view/photo/s_ratio_poster/public/p2530599636.jpg
1292226,2001太空漫游,8.8,凯尔·杜拉加里·洛克伍德威廉姆·西尔维斯特,https://img9.doubanio.com/view/photo/s_ratio_poster/public/p2560717825.jpg
1300374,绿里奇迹,8.8,汤姆·汉克斯大卫·摩斯迈克·克拉克·邓肯,https://img3.doubanio.com/view/photo/s_ratio_poster/public/p767586451.jpg
26614893,完美陌生人,8.5,马可·贾利尼卡夏·斯穆特尼亚克爱德华多·莱奥,https://img9.doubanio.com/view/photo/s_ratio_poster/public/p2522331945.jpg
1292329,牯岭街少年杀人事件,8.8,张震杨静怡张国柱,https://img9.doubanio.com/view/photo/s_ratio_poster/public/p848381236.jpg
1305690,阿飞正传,8.5,张国荣张曼玉刘嘉玲,https://img3.doubanio.com/view/photo/s_ratio_poster/public/p2525770523.jpg
1438652,无耻混蛋,8.6,布拉德·皮特梅拉尼·罗兰克里斯托弗·瓦尔兹,https://img1.doubanio.com/view/photo/s_ratio_poster/public/p2575043939.jpg
1760622,香水,8.5,本·卫肖艾伦·瑞克曼蕾切儿·哈伍德,https://img9.doubanio.com/view/photo/s_ratio_poster/public/p2441127736.jpg
1292287,新龙门客栈,8.6,张曼玉林青霞梁家辉,https://img1.doubanio.com/view/photo/s_ratio_poster/public/p1421018669.jpg
1308767,谍影重重2,8.6,马特·达蒙弗朗卡·波滕特布莱恩·考克斯,https://img9.doubanio.com/view/photo/s_ratio_poster/public/p667644866.jpg
3075287,源代码,8.4,杰克·吉伦哈尔维拉·法米加米歇尔·莫纳汉,https://img9.doubanio.com/view/photo/s_ratio_poster/public/p988260245.jpg
1304102,谍影重重,8.6,马特·达蒙弗朗卡·波滕特克里斯·库珀,https://img3.doubanio.com/view/photo/s_ratio_poster/public/p1597183981.jpg
1292528,猜火车,8.5,伊万·麦克格雷格艾文·布莱纳约翰尼·李·米勒,https://img1.doubanio.com/view/photo/s_ratio_poster/public/p513567548.jpg
1419936,战争之王,8.6,尼古拉斯·凯奇布丽姬·穆娜杰瑞德·莱托,https://img3.doubanio.com/view/photo/s_ratio_poster/public/p792282381.jpg
1303394,青蛇,8.5,张曼玉王祖贤赵文卓,https://img9.doubanio.com/view/photo/s_ratio_poster/public/p584021784.jpg
1293908,城市之光,9.3,查理·卓别林弗吉尼亚·切瑞尔佛罗伦斯·李,https://img1.doubanio.com/view/photo/s_ratio_poster/public/p2170238828.jpg
2363506,地球上的星星,8.9,达席尔·萨法瑞阿米尔·汗塔奈·切赫达,https://img9.doubanio.com/view/photo/s_ratio_poster/public/p1973489335.jpg
1428175,血钻,8.6,莱昂纳多·迪卡普里奥杰曼·翰苏詹妮弗·康纳利,https://img3.doubanio.com/view/photo/s_ratio_poster/public/p1244017073.jpg
2297265,浪潮,8.7,于尔根·福格尔弗雷德里克·劳马克思·雷迈特,https://img3.doubanio.com/view/photo/s_ratio_poster/public/p1344888983.jpg
2213597,朗读者,8.6,凯特·温丝莱特大卫·克劳斯拉尔夫·费因斯,https://img1.doubanio.com/view/photo/s_ratio_poster/public/p1140984198.jpg
25807345,彗星来的那一夜,8.5,艾米丽·芭尔多尼莫瑞·史特林尼古拉斯·布兰登,https://img9.doubanio.com/view/photo/s_ratio_poster/public/p2187896734.jpg
3592854,疯狂的麦克斯4：狂暴之路,8.6,汤姆·哈迪查理兹·塞隆尼古拉斯·霍尔特,https://img3.doubanio.com/view/photo/s_ratio_poster/public/p2236181653.jpg
1828115,色，戒,8.4,梁朝伟汤唯陈冲,https://img9.doubanio.com/view/photo/s_ratio_poster/public/p453716305.jpg
2222996,步履不停,8.8,阿部宽夏川结衣江原由希子,https://img3.doubanio.com/view/photo/s_ratio_poster/public/p2561539680.jpg
1867345,遗愿清单,8.6,杰克·尼科尔森摩根·弗里曼西恩·海耶斯,https://img9.doubanio.com/view/photo/s_ratio_poster/public/p708613284.jpg
27059130,大佛普拉斯,8.7,庄益增陈竹昇戴立忍,https://img3.doubanio.com/view/photo/s_ratio_poster/public/p2505928032.jpg
26393561,小萝莉的猴神大叔,8.4,萨尔曼·汗哈莎莉·马洛特拉卡琳娜·卡普尔,https://img9.doubanio.com/view/photo/s_ratio_poster/public/p2510956726.jpg
6874403,再次出发之纽约遇见你,8.5,凯拉·奈特莉马克·鲁弗洛亚当·莱文,https://img3.doubanio.com/view/photo/s_ratio_poster/public/p2250287733.jpg
1397546,追随,8.9,杰里米·西奥伯德亚历克斯·霍露西·拉塞尔,https://img3.doubanio.com/view/photo/s_ratio_poster/public/p2561545031.jpg
25954475,聚焦,8.8,马克·鲁弗洛迈克尔·基顿瑞秋·麦克亚当斯,https://img1.doubanio.com/view/photo/s_ratio_poster/public/p2263822658.jpg
1291568,东京物语,9.2,笠智众原节子杉村春子,https://img9.doubanio.com/view/photo/s_ratio_poster/public/p1925331564.jpg
5964718,一次别离,8.7,佩曼·莫阿迪蕾拉·哈塔米萨瑞·巴亚特,https://img9.doubanio.com/view/photo/s_ratio_poster/public/p2189835254.jpg
25921812,驴得水,8.3,任素汐大力刘帅良,https://img3.doubanio.com/view/photo/s_ratio_poster/public/p2393044761.jpg
1291824,黑鹰坠落,8.7,乔什·哈奈特伊万·麦克格雷格汤姆·塞兹摩尔,https://img3.doubanio.com/view/photo/s_ratio_poster/public/p1910900710.jpg
5908478,我爱你,9.0,宋在浩李顺载尹秀晶,https://img1.doubanio.com/view/photo/s_ratio_poster/public/p1075591188.jpg
1300117,千钧一发,8.8,伊桑·霍克乌玛·瑟曼裘德·洛,https://img9.doubanio.com/view/photo/s_ratio_poster/public/p2195672555.jpg
1292233,发条橙,8.5,马尔科姆·麦克道威尔帕特里克·马基迈克尔·贝茨,https://img9.doubanio.com/view/photo/s_ratio_poster/public/p529908155.jpg
27615441,网络谜踪,8.6,约翰·赵米切尔·拉黛博拉·梅辛,https://img1.doubanio.com/view/photo/s_ratio_poster/public/p2542848758.jpg
27191492,四个春天,8.9,陆运坤李桂贤陆庆伟,https://img1.doubanio.com/view/photo/s_ratio_poster/public/p2540578887.jpg
1294638,E.T. 外星人,8.6,亨利·托马斯迪·沃伦斯罗伯特·麦克纳夫顿,https://img3.doubanio.com/view/photo/s_ratio_poster/public/p984732992.jpg
1388216,撞车,8.6,桑德拉·布洛克唐·钱德尔马特·狄龙,https://img3.doubanio.com/view/photo/s_ratio_poster/public/p2075132390.jpg
1292659,变脸,8.5,约翰·特拉沃尔塔尼古拉斯·凯奇琼·艾伦,https://img3.doubanio.com/view/photo/s_ratio_poster/public/p2173855883.jpg
1292270,梦之安魂曲,8.7,艾伦·伯斯汀杰瑞德·莱托詹妮弗·康纳利,https://img9.doubanio.com/view/photo/s_ratio_poster/public/p2328516855.jpg
